name,zip
Susan,08053
Ming,11729
Gabriel,34608
Rena,27526
Grace,16101
Malena,55343
Emily,39180
Kendall,17331
Sarah,70663
Jolynn,49418
Chere,32746
Cecily,30274
Soo,01085
Daniel,12590
Emma,20772
Judy,35758
Richard,49423
Olivia,51501
Daniel,18102
Emily,49221
Richard,02169
Tommy,11417
Nana,11414
Mason,55912
Henry,30180
Madison,21208
Olivia,29063
Franklyn,33510
Birgit,48042
Kendall,60068
Ahmed,90278
Lilia,49426
Emily,12203
Emma,76901
Cathie,01906
Emily,08865
Audrea,11756
Benjamin,23860
Emma,50501
Benjamin,12553
Crissy,19446
Mason,54601
Olivia,84010
Emma,01803
Emma,34608
Gabriel,43062
Madison,38671
Zachery,29445
Gabriel,60050
Clementine,44224
Richard,08088
Deetta,32792
Melia,34683
Zena,46307
Benjamin,34786
Debi,30004
Richard,33056
Shelba,11704
Joseph,81001
Emma,20120
Benjamin,60559
Keith,48331
Daniel,27284
Isidra,60007
Michale,20155
Enda,15102
Susan,23112
Alia,49423
Terese,30815
Richard,23832
Nilsa,60101
Mason,48167
Yaeko,75604
Kendall,18201
Richard,08540
Daniel,28645
Victoria,27265
Richard,49426
Mackenzie,33771
Emily,98604
Richard,18064
Ailene,60010
Richard,17022
Walter,21157
Robert,00743
Maya,49085
Benjamin,02893
Victoria,01930
Pierre,33435
Mason,11787
Susan,48212
Olivia,11743
Leonor,60085
Xuan,60010
Tricia,02135
Jacinda,19111
Richard,37086
Dalton,29526
Susan,81001
Benjamin,11590
Emily,48195
Richard,11741
Frederick,48066
Sarah,28376
Joni,29464
Shanita,29461
Flossie,02026
Hilary,55378
Lezlie,60402
Olivia,08831
Mason,16801
Luci,38632
Benjamin,27511
Madeline,30223
Sarah,12180
Madison,29440
Bess,19038
Victoria,49464
Tajuana,37363
Quiana,06512
Mayra,60053
Joseph,53590
Susan,37040
Olivia,19426
Jovita,22079
Beatris,56001
Merilyn,53150
Bertie,70605
Daniel,21701
Susan,31061
Kendall,54935
Emma,55406
Emma,10550
Daniel,21146
Leif,27526
Hannah,19406
Sarah,30144
Daniel,78418
Jann,20886
Sanford,48640
Daniel,14304
Wendolyn,53072
Stefania,60053
Alysha,30019
Raymon,19064
Maribel,46123
Benjamin,52722
Madison,06512
Kris,60466
Sarah,21801
Olivia,20745
Emma,28655
See,08759
Bertie,55347
Yadira,02151
Emily,17543
Mora,15650
Bok,10977
Olivia,29349
Sarah,02169
Olivia,11566
Stephania,60025
Laurette,54956
Thelma,08087
Allie,30096
Madison,07076
Joseph,10550
Gabriel,32127
Emma,23112
Emma,06410
Daniel,95060
Geraldo,60169
Mabel,20164
Alpha,31021
Pierre,59701
Tanika,06360
Daniel,48167
Kira,55379
Kanisha,60201
Timmy,19047
Patience,60060
Susan,34997
Olivia,58501
Susan,17042
Richard,08822
Mason,19468
Diamond,55044
Emma,54130
Joseph,23703
Kate,60120
Susan,29301
Marshall,06118
Grace,21236
Mason,18974
Milda,12180
Victoria,46037
Jacquelyne,99654
Iva,30004
Joseph,11552
Joseph,18015
Mason,45601
Kendall,28104
Virgen,02301
Gabriel,20155
Benjamin,18062
Jeffry,07065
Pearlie,28348
Theodore,11375
Victoria,55912
Shirely,99999
Susan,46123
Olivia,53081
Emily,21113
Olivia,60459
Mose,32250
Stephanie,32714
Destiny,48197
Mirta,33702
Olivia,11714
Emma,18064
Suellen,32958
Jinny,22304
Kimbra,32714
Richard,08054
Glory,30052
Rhea,97603
Joseph,32907
Burt,74820
Madison,30294
Joleen,33756
Daniel,31404
Madison,20707
Emma,44004
Winnie,29456
Kendall,10301
Gabriel,44039
Olivia,27320
Harvey,11418
Victoria,15206
Hector,01886
Sherwood,22079
Charisse,10952
Josphine,29349
Terese,79930
Madison,60030
Daniel,55316
Susan,95127
Richard,53154
Velvet,11570
Victoria,27520
Nola,28601
Emma,07030
Daniel,48331
Gabriel,17050
Ai,02138
Mason,92806
Jesusita,92220
Richard,33458
Madison,48042
Alonso,11714
Charis,24502
Maira,20147
Benjamin,48504
Kendall,33604
Gisele,30126
Leland,23228
Elicia,52501
Nella,26554
Richard,20746
Joseph,31313
Londa,24540
Concha,18301
Lelia,98604
Kenda,03053
Victoria,29501
Elvis,00000
Taren,32250
Emma,44646
Benjamin,30096
Krystal,06360
Kendall,35173
Madison,21146
Emily,49417
Domenica,48021
Emily,55044
Susan,22801
Arlette,50023
Olivia,10950
Blossom,49509
Olivia,07920
Hailey,11691
Kendall,44646
Sarah,94806
Patrica,13126
Ricarda,53045
Jesenia,02720
Victoria,55343
Mason,51501
Victoria,60016
Collen,90278
Billie,07111
Jaimie,11374
Richard,19020
Grace,01545
Herta,48021
Richard,42101
Mason,02472
Sarah,14534
Helen,30126
Clemente,08865
Benjamin,50265
Olivia,08003
Susan,06492
Lenore,21114
Tynisha,94566
Josef,55316
Marjorie,21801
Germaine,01089
Richard,28031
Antonia,22630
Victoria,01923
Coralee,02149
Lavona,60089
Mason,60047
Earnest,55378
Neville,20147
Emma,60103
Emma,60015
Cleta,29646
Earle,20706
Ahmed,23693
Elsie,18360
Emily,11706
Olivia,52722
Joseph,28031
Emily,21227
Mohamed,21014
Yvone,44052
Kiley,11729
Carma,15044
Carson,11570
Caleb,27909
Richard,48310
Emily,28086
Mason,34221
Geralyn,37660
Rocio,01923
Arlinda,60188
Gilberto,02038
Logan,59601
Herb,30040
Daniel,11720
Eliseo,07631
Emma,47302
Randa,01867
Diedre,33435
Gabriel,32259
Emma,11417
Ariane,08816
Benjamin,32714
Sarah,46307
Mason,38024
Olivia,11704
Emily,06340
Victoria,44256
Sarah,12203
Victoria,20874
Kimberlie,30004
Alaine,22003
Joannie,60073
Daphne,37110
Kandi,21206
Annamarie,36605
Mason,36109
Ulysses,30101
Sarah,59801
Gabriel,66801
Daniel,01930
Missy,48329
Joseph,34135
Ruben,20170
Doreen,08807
Victoria,32065
Ethyl,11413
Florencio,46077
Genevieve,08859
Kendall,28104
Madison,10301
Susan,93555
Mason,30213
Dwana,14304
Hershel,29621
Dominga,18015
Madison,02136
Joseph,07960
Daniel,55311
Grace,14424
Brandon,60156
Olivia,11364
Victoria,32034
Madison,07055
Richard,37601
Gabriel,06606
Mika,52501
Mason,11420
Daniel,14450
Olivia,53186
Joseph,06051
Joseph,85326
Sarah,20814
Benjamin,07003
Otilia,46140
Richard,06450
Gabriel,32043
Susan,52804
Grace,22630
Kendall,06770
Kendall,14094
Cathie,07866
Levi,55016
Susan,60426
Ossie,49085
Susan,08003
King,30680
Mitchel,60085
Olivia,48504
Marlena,60035
Sarah,29910
Alyse,29577
Olivia,46140
Kendall,47130
Karie,48174
Sharell,07960
Marlon,31525
Marian,06492
Benjamin,40207
Grace,12020
Grace,23111
Wendolyn,60048
Madison,02176
Kellye,30281
Grace,60101
Grace,39503
Joseph,32765
Faustina,17331
Rubin,95127
Tad,43110
Benjamin,60010
Emma,12901
Susan,14120
Emma,20191
Benjamin,60048
Seymour,37643
Mindi,11368
Jone,10451
Myrl,08060
Kendall,38654
Rae,47905
Grace,27012
Alonzo,44060
Carri,02127
Madison,70001
Mason,30809
Victoria,60035
Richard,18064
Wilhelmina,27587
Madison,81001
Dagny,07016
Felix,49441
Madison,07712
Susan,01020
Kristian,11422
Queen,11793
Anika,54729
Chantal,74820
Katelyn,30701
Onita,42001
Victoria,32404
Mason,11967
Joseph,08865
Latina,30240
Benjamin,60067
Victoria,30240
Emma,48071
Richard,30240
Haley,01821
Ettie,07109
Olivia,43081
Susan,07024
John,44024
Chieko,44805
Frederick,29501
Bettina,76039
Olivia,11552
Donita,61604
Aide,20735
Jasmine,84404
Risa,01845
Keven,59901
